12766	Japón Entra Iron Man	1	https://openload.co/embed/AfmTrKFBAfw/MA-IM_-_01x01_-_Japon_Entra_Iron_Man_by_UltimateFallen.mp4		1	204	04/21/19	04/21/19
12767	Estado Nuclear 	1	https://openload.co/embed/NWqgdAWelaQ/MA-IM_-_01x02_-_Estado_Nuclear_by_UltimateFallen.mp4		2	204	04/21/19	04/21/19
12768	Iron Man Enfrenta Tempestades	1	https://openload.co/embed/kWXHROA0O4c/MA-IM_-_01x03_-_Iron_Man_Enfrenta_Tempestades_by_UltimateFallen.mp4		3	204	04/21/19	04/21/19
12769	Tony Stark hace Memoria, Un Viaje Inesperado	1	https://openload.co/embed/rUM4gzPBk7Y/MA-IM_-_01x04_-_Tony_Stark_hace_Memoria%2C_Un_Viaje_Inesperado_by_UltimateFallen.mp4		4	204	04/21/19	04/21/19
12770	Pandemia	1	https://openload.co/embed/xNpHMfuKMCU/MA-IM_-_01x05_-_Pandemia_by_UltimateFallen.mp4		5	204	04/21/19	04/21/19
12771	Dificultades Tecnicas	1	https://openload.co/embed/Haeipi9uejo/MA-IM_-_01x06_-_Dificultades_Tecnicas_by_UltimateFallen.mp4		6	204	04/21/19	04/21/19
12772	Escape	1	https://openload.co/embed/RFTLQ7isM6Y/MA-IM_-_01x07_-_Escape_by_UltimateFallen.mp4		7	204	04/21/19	04/21/19
12773	La Niña	1	https://openload.co/embed/nLdDigtyO4E/MA-IM_-_01x08_-_La_Nina_by_UltimateFallen.mp4		8	204	04/21/19	04/21/19
12774	Iron Man contra Iron Man	1	https://openload.co/embed/tv4MxayVpNQ/MA-IM_-_01x09_-_Iron_Man_contra_Iron_Man_by_UltimateFallen.mp4		9	204	04/21/19	04/21/19
12775	Intensiones de Hierro	1	https://openload.co/embed/_au1dhS1cc0/MA-IM_-_01x10_-_Intensiones_de_Hierro_by_UltimateFallen.mp4		10	204	04/21/19	04/21/19
12776	El Cerebro	1	https://openload.co/embed/w_e0YtoEtBo/MA-IM_-_01x11_-_El_Cerebro_by_UltimateFallen.mp4		11	204	04/21/19	04/21/19
12777	La Luz en la Distancia	1	https://openload.co/embed/GhCYltWOSlg/MA-IM_-_01x12_-_La_Luz_en_la_Distancia_by_UltimateFallen.mp4		12	204	04/21/19	04/21/19
12778	Nacidos para ser Castores 	1	https://openload.co/embed/m-oq1OkYDEU/01a%28nacidos_para_ser_castores%29.mp4		1	205	04/21/19	04/21/19
12779	Despiertos Toda la Noche 	1	https://openload.co/embed/MyznGIY0BeY/01b%28despiertos_toda_la_noche%29.mp4		2	205	04/21/19	04/21/19
12780	Una Presa Muy Lejos 	1	https://openload.co/embed/72MXB7ylXNs/02a%28una_presa_muy_lejos%29.mp4		3	205	04/21/19	04/21/19
12781	Dientes Largos 	1	https://openload.co/embed/Zl8BAAF0Yg4/02b%28dientes_largos%29.mp4		4	205	04/21/19	04/21/19
12782	Regalos Disparejos 	1	https://openload.co/embed/h3f8wntMqdY/03a%28regalos_disparejos%29.mp4		5	205	04/21/19	04/21/19
12783	¡Vamos Castores! 	1	https://openload.co/embed/BCMEImcLNpU/03b%28vamos_castores%29.mp4		6	205	04/21/19	04/21/19
12784	Locos por los Cupones 	1	https://openload.co/embed/bUJ4f862_OQ/04a%28locos_por_los_cupones%29.mp4		7	205	04/21/19	04/21/19
12785	Salmon Dice	1	https://openload.co/embed/9FMCQqQbhzo/04b%28salmon_dice%29.mp4		8	205	04/21/19	04/21/19
12786	Castores A Go-Go 	1	https://openload.co/embed/5EEfIQpMtyM/05a%28castores_a_go_go%29.mp4		9	205	04/21/19	04/21/19
12787	El Guardabosques Dictador	1	https://openload.co/embed/1Zejx609nRA/05b%28el_guardabosques_dictador%29.mp4		10	205	04/21/19	04/21/19
12788	El Castor Musculoso 	1	https://openload.co/embed/FTNrjT0hW-A/06a%28el_castor_musculoso%29.mp4		11	205	04/21/19	04/21/19
12789	Pescadores de Monstruos 	1	https://openload.co/embed/VW-sLCoIeq8/06b%28pescadores_de_monstruos%29.mp4		12	205	04/21/19	04/21/19
12790	El Silencioso Viento Mortal 	1	https://openload.co/embed/Ko4SfsUeO30/07a%28el_ultimo_dagget.mp4		13	205	04/21/19	04/21/19
12791	Los Insectos Mutantes 	1	https://openload.co/embed/2L3vgCZ4gCQ/07b%28los_insectos_mutantes%29.mp4		14	205	04/21/19	04/21/19
12792	Misión a la Gran Cosa Caliente 	1	https://openload.co/embed/8wjFxlfFYmE/08a%28mision_a_la_gran_cosa_caliente%29.mp4		15	205	04/21/19	04/21/19
12793	Te Reto 	1	https://openload.co/embed/85hX16w8kc0/08b%28te_reto%29.mp4		16	205	04/21/19	04/21/19
12794	El Dedo Apestoso 	1	https://openload.co/embed/VWumK0R-WIc/09a%28el_dedo_apestoso%29.mp4		17	205	04/21/19	04/21/19
12795	Buscando un Hogar 	1	https://openload.co/embed/aDvNUhbFGkk/09b%28buscando_hogar%29.mp4		18	205	04/21/19	04/21/19
12796	El Castor Elegante 	1	https://openload.co/embed/UtwfImNJCXA/10a%28el_castor_elegante%29.mp4		19	205	04/21/19	04/21/19
12797	H2¡Whoa! 	1	https://openload.co/embed/VH0puUvYk9U/10b%28h2_whoa%29.mp4		20	205	04/21/19	04/21/19
12798	El Bing que No se Iba 	1	https://openload.co/embed/PP69IccMoTs/11a%28el_bing_que_no_se_iba%29.mp4		21	205	04/21/19	04/21/19
12799	¡Lo Prometiste! 	1	https://openload.co/embed/NwBbbTePcVc/11b%28lo_prometiste%29.mp4		22	205	04/21/19	04/21/19
12800	El Concierto del Amor 	1	https://openload.co/embed/YqC0Qsynbb4/12a%28el_concierto_de_amor%29.mp4		23	205	04/21/19	04/21/19
12801	El Alimento de los Castores 	1	https://openload.co/embed/24_vvsL9bRA/12b%28alimento_de_los_castores%29.mp4		24	205	04/21/19	04/21/19
12802	En Compañía de Árboles 	1	https://openload.co/embed/uA_B7DH-qz8/13a%28en_compa%C3%B1ia_de_arboles%29.mp4		25	205	04/21/19	04/21/19
12803	Adivina Quién Viene a Cenar 	1	https://openload.co/embed/IMaS37PIG-0/13b%28adivina_quien_viene_a_cenar%29.mp4		26	205	04/21/19	04/21/19
12804	Fiebre de Castor por la Noche 	2	https://openload.co/embed/t3c24SdHynk/14a_fiebre_de_castor_por_la_noche.mp4		1	205	04/21/19	04/21/19
12805	A la Misma Hora la Semana Pasada 	2	https://openload.co/embed/02czCeKQ2LI/14b%28a_la_misma_hora_la_semana_pasada%29.mp4		2	205	04/21/19	04/21/19
12806	El Castor Musculoso 2 	2	https://openload.co/embed/E_qONi4Hiao/16a%28el_castor_musculoso_2_%29.mp4		3	205	04/21/19	04/21/19
12807	Muñón va en Busca de sus Raíces 	2	https://openload.co/embed/Ld-zoPGLQms/16b%28mu%C3%B1on_busca_sus_raices%29.mp4		4	205	04/21/19	04/21/19
12808	Árbol de Corazones 	2	https://openload.co/embed/IpMGPIt_bfg/17a%28el_arbol_de_corazones%29.mp4		5	205	04/21/19	04/21/19
12809	Las Películas Caseras 	2	https://openload.co/embed/LFS0F4u6n20/17b%28las_peliculas_caseras%29.mp4		6	205	04/21/19	04/21/19
12810	In-Barry-ble 	2	https://openload.co/embed/ccslTo5wjk0/18a%28un-barri-ble%29.mp4		7	205	04/21/19	04/21/19
12811	Uno Mas Que Muerde La Miscle	2	https://openload.co/embed/s2rfFJlqhXA/18b.mp4		8	205	04/21/19	04/21/19
12812	El Gran Cabeza de Nudo 	2	https://openload.co/embed/PnTZDw3QCzY/19a_The_mighty_knot-head_.mp4		9	205	04/21/19	04/21/19
12813	La Porquería del Estanque 	2	https://openload.co/embed/9GiKlGP6N_s/19b_la_porqueria_del_estanque.mp4		10	205	04/21/19	04/21/19
12814	La Canción de los Leñadores 	2	https://openload.co/embed/R1ahkLfDOs0/21a_la_cancion_de_los_le%C3%B1adores.mp4		11	205	04/21/19	04/21/19
12815	El Zoológico 	2	https://openload.co/embed/NkbO1DUX39U/21b_el_zoologico.mp4		12	205	04/21/19	04/21/19
12816	Una Completa Tontería 	2	https://openload.co/embed/ZRtrMvkRz8k/22a_una_completa_tonteria.mp4		13	205	04/21/19	04/21/19
12817	Especies en Peligro 	2	https://openload.co/embed/q0KhYBy-Me8/22b_especies_en_peligro.mp4		14	205	04/21/19	04/21/19
12818	¡El Día en que el Mundo se Echó a Perder! 	2	https://openload.co/embed/KVRO3mihXrw/23_el_dia_que_el_mundo_de_verdad_se_echo_a_perder.mp4		15	205	04/21/19	04/21/19
12819	La Noche de los Zombis 	2	https://openload.co/embed/M_LrY-ETVRI/24a_la_noche_de_los_zombies.mp4		16	205	04/21/19	04/21/19
12820	Los Camareros Cascarrabias 	2	https://openload.co/embed/9NUCvn0wt4s/24b_los_camareros_cascarrabias.mp4		17	205	04/21/19	04/21/19
12821	Los Turistas 	2	https://openload.co/embed/lJPEQiT6ML4/25a_los_turistas.mp4		18	205	04/21/19	04/21/19
12822	Te Voy a Atrapar 	2	https://openload.co/embed/YLVdQtPyeaE/25b_voy_a_atraparte.mp4		19	205	04/21/19	04/21/19
12823	Hermanitas al Mando 	2	https://openload.co/embed/MsT9It3IbO4/26a_hermanas_al_mando.mp4		20	205	04/21/19	04/21/19
12824	El Terror de los Pinos 	2	https://openload.co/embed/G6jy_Q5jqb0/26b_el_terror_de_los_pinos.mp4		21	205	04/21/19	04/21/19
12825	Mi Guardaespaldas 	3	https://openload.co/embed/owrVvlChGRE/27a_mi_guardaespaldas.mp4		1	205	04/21/19	04/21/19
12826	¿Quién Te Come? 	3	https://openload.co/embed/m9YYc2lI0kg/27b_quien_te_come.mp4		2	205	04/21/19	04/21/19
12827	El Castor Omega 	3	https://openload.co/embed/QFRt7ZtBYm8/28a_el_castor_omega.mp4		3	205	04/21/19	04/21/19
12828	Masticadores Anónimos 	3	https://openload.co/embed/o22bl5ma7n0/28b_masticadores_anonimos.mp4		4	205	04/21/19	04/21/19
12829	Los Castores Diabólicos 	3	https://openload.co/embed/4jMqCn9FiNk/29a_los_castores_diabolicos.mp4		5	205	04/21/19	04/21/19
12830	Despiertos Toda la Noche 	3	https://openload.co/embed/ypRQcp0dX4M/29b_despiertos_toda_la_noche.mp4		6	205	04/21/19	04/21/19
12831	El Castor Musculoso 3 	3	https://openload.co/embed/XBFHgpcOdf8/30a_el_castor_musculoso_3.mp4		7	205	04/21/19	04/21/19
12832	Vencerás Cantando 	3	https://openload.co/embed/E9pEcuuZv_I/30b_venceras_cantando.mp4		8	205	04/21/19	04/21/19
12833	Buscando a Trasero Grande 	3	https://openload.co/embed/iv4LTXMwxNE/31a_buscando_a_trasero_grande.mp4		9	205	04/21/19	04/21/19
12834	Maraton de Tontos 	3	https://openload.co/embed/mcn_-F0klGU/31b_maraton_de_tontos.mp4		10	205	04/21/19	04/21/19
12835	La Leyenda de Kid Amable 	3	https://openload.co/embed/6wyBjda7558/32a_la_leyenda_de_kid_amable.mp4		11	205	04/21/19	04/21/19
12836	Silencioso pero Mortal 	3	https://openload.co/embed/e7RTeflICbE/32b_silencioso_pero_mortal.mp4		12	205	04/21/19	04/21/19
12837	Amor Apache 	3	https://openload.co/embed/ta7BRYckRbo/33a_amor_apache.mp4		13	205	04/21/19	04/21/19
12838	Educanco a Papá 	3	https://openload.co/embed/8bMtT-wVZaM/33b_educando_a_pap%C3%A1.mp4		14	205	04/21/19	04/21/19
12839	Te Toca 	3	https://openload.co/embed/mMTBgpLCFXo/34a_te_toca.mp4		15	205	04/21/19	04/21/19
12840	La Reunión Familiar de Muñón 	3	https://openload.co/embed/RN1_SSh437k/34b_la_reunion_familiar_de_mu%C3%B1on.mp4		16	205	04/21/19	04/21/19
12841	Identidades Confundidas 	3	https://openload.co/embed/4KgoM8LeFUY/38a_identidades_confundidas.mp4		17	205	04/21/19	04/21/19
12842	Castor sin Causa 	3	https://openload.co/embed/lgTU9_rIg7w/38b_castores_sin_causa.mp4		18	205	04/21/19	04/21/19
12843	Con La Mirada Fija	3	https://openload.co/embed/-gYhzCo_7N8/39a_con_la_mirada_fija.mp4		19	205	04/21/19	04/21/19
12844	No soy un Animal, soy el Científico #1 	3	https://openload.co/embed/D9o0rDyMa-k/39b_no_soy_un_animal_soy_el_cientifico_%231.mp4		20	205	04/21/19	04/21/19
12845	Norberto y Dagetto	4	https://openload.co/embed/Lhm-dPMMzhE/40a_norberto_y_daggeto_.mp4		1	205	04/21/19	04/21/19
12846	El Halcón que Escupe 	4	https://openload.co/embed/DRjxN2fQ_HQ/40b_el_halcon_que_escupe.mp4		2	205	04/21/19	04/21/19
12847	Vivan las Comodidades 	4	https://openload.co/embed/KyO0lzWiGQ0/41a.mp4		3	205	04/21/19	04/21/19
12848	Mi Hermano 	4	https://openload.co/embed/Obyqd0ZH66c/41b.mp4		4	205	04/21/19	04/21/19
12849	20 000 Leguas de Viaje en el Estanque 	4	https://openload.co/embed/QSLyFAdU5zs/42a.mp4		5	205	04/21/19	04/21/19
12850	Los Invasores 	4	https://openload.co/embed/vayj_taKDI8/42b.mp4		6	205	04/21/19	04/21/19
12851	Daggy el Gigante 	4	https://openload.co/embed/crJLQCs8LN8/43a.mp4		7	205	04/21/19	04/21/19
12852	Bromistas 	4	https://openload.co/embed/N-cITd_xhfw/43b.mp4		8	205	04/21/19	04/21/19
12853	Dagski y Norb 	4	https://openload.co/embed/Lmue9yOo7-w/44a.mp4		9	205	04/21/19	04/21/19
12854	La Fortaleza 	4	https://openload.co/embed/VNwrwV16Vdw/44b.mp4		10	205	04/21/19	04/21/19
12855	Me Dejaron Solito 	4	https://openload.co/embed/bFHzzEIjy4w/45a.mp4		11	205	04/21/19	04/21/19
12856	¿Soccer? ¡Yo ni lo Conosco! 	4	https://openload.co/embed/DPm2VLudY3A/45b.mp4		12	205	04/21/19	04/21/19
12857	El Atolondrado 	4	https://openload.co/embed/OTB6oLuyctY/47a.mp4		13	205	04/21/19	04/21/19
12858	Solos en Casa 	4	https://openload.co/embed/AYH0zOLOLfI/47b.mp4		14	205	04/21/19	04/21/19
12859	Mi Nueva Habitación 	4	https://openload.co/embed/VEB7PCfQsqY/48a.mp4		15	205	04/21/19	04/21/19
12860	Para Chuparse los Dedos 	4	https://openload.co/embed/-I_Nh0qYLug/48b.mp4		16	205	04/21/19	04/21/19
12861	Un Extraño Encanto 	4	https://openload.co/embed/eqAw20-mrd4/49a.mp4		17	205	04/21/19	04/21/19
12862	Las Fiestas son un Dolor de Cabeza 	4	https://openload.co/embed/Q-fd1iIlHaY/49b.mp4		18	205	04/21/19	04/21/19
12863	Viva la Gordura 	4	https://openload.co/embed/Ykn8wPuL01U/51a.mp4		19	205	04/21/19	04/21/19
12864	Dag al Espejo 	4	https://openload.co/embed/Vp-j7cF7azQ/51b.mp4		20	205	04/21/19	04/21/19
12865	Invasión Canadiense 	4	https://openload.co/embed/vjAWAR1Ab1E/52a.mp4		21	205	04/21/19	04/21/19
12866	Un Yak en un Saco 	4	https://openload.co/embed/UMDJ5guKQc8/52b.mp4		22	205	04/21/19	04/21/19
12867	El Chofer y la Señora Daggett 	5	https://openload.co/embed/ByfjJBk4490/53a.mp4		1	205	04/21/19	04/21/19
12868	¡Diversión en Grande! 	5	https://openload.co/embed/FjkWFp_NngA/53b.mp4		2	205	04/21/19	04/21/19
12869	Moby Idiotas 	5	https://openload.co/embed/t5FvBqo3iLo/54a.mp4		3	205	04/21/19	04/21/19
12870	Tiempo Presente 	5	https://openload.co/embed/b-6pR-YirH4/54b.mp4		4	205	04/21/19	04/21/19
12871	Qué Fea es la Vida 	5	https://openload.co/embed/8FjxAI7Ww1c/55a.mp4		5	205	04/21/19	04/21/19
12872	La Mamá de C.I.P.O.L. 	5	https://openload.co/embed/DTUOa_bPqtw/55b.mp4		6	205	04/21/19	04/21/19
12873	Hermanas en Casa 	5	https://openload.co/embed/cXCtN9PF98A/56a.mp4		7	205	04/21/19	04/21/19
12874	El Castor Musculoso 5 	5	https://openload.co/embed/UROdEZv5DX4/56b.mp4		8	205	04/21/19	04/21/19
12875	Viaje Vantástico 	5	https://openload.co/embed/QdOWvGgwLN8/57a.mp4		9	205	04/21/19	04/21/19
12876	Castores de Asfalto 	5	https://openload.co/embed/2-S9D9d0dgo/57b.mp4		10	205	04/21/19	04/21/19
12877	Los Anteojos de Rayos X 	5	https://openload.co/embed/joc0k_cytic/58a.mp4		11	205	04/21/19	04/21/19
12878	Cosas con Garfios en la Noche 	5	https://openload.co/embed/p1_o1AEA02A/58b.mp4		12	205	04/21/19	04/21/19
12879	Amnesia 	5	https://openload.co/embed/FweeOR6SukU/59a.mp4		13	205	04/21/19	04/21/19
12880	La Aventura del Presa-idón 	5	https://openload.co/embed/XtLBn-6IBcI/59b.mp4		14	205	04/21/19	04/21/19
12881	El Aguafiestas 	5	https://openload.co/embed/G7MElq4jo5M/60a.mp4		15	205	04/21/19	04/21/19
12882	Dag y el Carnaval 	5	https://openload.co/embed/GgWFnKYql54/60b.mp4		16	205	04/21/19	04/21/19
12883	Todo por la Colonia 	5	https://openload.co/embed/R67bBrhw8t4/61a.mp4		17	205	04/21/19	04/21/19
12884	La Fila Eterna 	5	https://openload.co/embed/gmAbXMJTyds/61b.mp4		18	205	04/21/19	04/21/19
12885	El Señor de los Castores 	5	https://openload.co/embed/s4vkgkLShSw/62a.mp4		19	205	04/21/19	04/21/19
12886	El Casino Flotante 	5	https://openload.co/embed/IACrRpRAw6o/62b.mp4		20	205	04/21/19	04/21/19
12887	Súpertimalo	1	https://openload.co/embed/fEI1RCSn8Kc/Johnny_Bravo_Capitulo_1_S%C3%BApertimalo_%28Bryan-espa%29_x264.mp4		1	206	04/21/19	04/21/19
12888	A Salvo En La Selva	1	https://openload.co/embed/Rgl0UlMEFqE/Johnny_Bravo_Capitulo_2_A_Salvo_En_La_Selva_%28Bryan-espa%29_x264.mp4		2	206	04/21/19	04/21/19
12889	Un Macho Sensible	1	https://openload.co/embed/5bsSafAf0jQ/Johnny_Bravo_Capitulo_4_Un_Macho_Sensible_%28Bryan-espa%29_x264.mp4		3	206	04/21/19	04/21/19
12890	Bravo Dooby-Doo	1	https://openload.co/embed/96CHRbTfpyw/Johnny_Bravo_Capitulo_5_Bravo_Dooby-Doo_%28Bryan-espa%29_x264.mp4		4	206	04/21/19	04/21/19
12891	Cita con un Antilope	1	https://openload.co/embed/lsXkvswDDyM/Johnny_Bravo_Capitulo_6_Cita_con_un_Antilope_%28Bryan-espa%29_x264.mp4		5	206	04/21/19	04/21/19
12892	A-ha Toro	1	https://openload.co/embed/rm4wGhglvXs/Johnny_Bravo_Capitulo_7_A-ha_Toro_%28Bryan-espa%29_x264.mp4		6	206	04/21/19	04/21/19
12893	Crisis de Galletas	1	https://openload.co/embed/S8xpNrOULTc/Johnny_Bravo_Capitulo_8_Crisis_de_Galletas_%28Bryan-espa%29_x264.mp4		7	206	04/21/19	04/21/19
12894	Solía Ser Gracioso	1	https://openload.co/embed/-PJZ8qMllEY/Johnny_Bravo_Capitulo_9_Sol%C3%ADa_Ser_Gracioso_%28Bryan-espa%29_x264.mp4		8	206	04/21/19	04/21/19
12895	Mi Bello Tonto	1	https://openload.co/embed/DaOxyGS3qUQ/Johnny_Bravo_Capitulo_10_Mi_Bello_Tonto_%28Bryan-espa%29_x264.mp4		9	206	04/21/19	04/21/19
12896	Noche de navidad	1	https://openload.co/embed/LZAdC2HRCRU/Johnny_Bravo_Capitulo_11_Noche_de_navidad_%28Bryan-espa%29_x264.mp4		10	206	04/21/19	04/21/19
12897	Mi Amigo Blarney	1	https://openload.co/embed/Ln_mBjhZmXI/Johnny_Bravo_Capitulo_12_Mi_Amigo_Blarney_%28Bryan-espa%29_x264.mp4		11	206	04/21/19	04/21/19
12898	Johnny Legionario	1	https://openload.co/embed/icVOF5LcByo/Johnny_Bravo_Capitulo_13_Johnny_Legionario_%28Bryan-espa%29_x264.mp4		12	206	04/21/19	04/21/19
12899	Johnny Conoce a Farrah Fawcett	1	https://openload.co/embed/7kJSi5h8AiQ/Johnny_Bravo_Capitulo_14_Johnny_Conoce_a_Farrah_Fawcett_%28Bryan-espa%29_x264.mp4		13	206	04/21/19	04/21/19
12900	Hip Hop Está  Pegao	1	https://openload.co/embed/8F7WxD9cTlA/Johnny_Bravo_Capitulo_15_Hip_Hop_Est%C3%A1_Pegao_%28Bryan-espa%29_x264.mp4		14	206	04/21/19	04/21/19
12901	Háblame  Mi Cariñito	1	https://openload.co/embed/plnIXEI-4O8/Johnny_Bravo_Capitulo_16_H%C3%A1blame__Mi_Cari%C3%B1ito_%28Bryan-espa%29_x264.mp4		15	206	04/21/19	04/21/19
12902	Cobijín Cobijón	1	https://openload.co/embed/JsDtGiQK0Hg/Johnny_Bravo_Capitulo_17_Cobij%C3%ADn__Cobij%C3%B3n_%28Bryan-espa%29_x264.mp4		16	206	04/21/19	04/21/19
12903	El Día Que La Tierra Dejó De Moverse	1	https://openload.co/embed/OFfzkCu0Um4/Johnny_Bravo_Capitulo_19_El_D%C3%ADa_Que_La_Tierra_Dej%C3%B3_De_Moverse_%28Bryan-espa%29_x264.mp4		17	206	04/21/19	04/21/19
12904	El Pasillo De Los Juguetes Revueltos	1	https://openload.co/embed/WlMay7daSF4/Johnny_Bravo_Capitulo_20_El_Pasillo_De_Los_Juguetes_Revueltos_%28Bryan-espa%29_x264.mp4		18	206	04/21/19	04/21/19
12905	Maestro Substituto	1	https://openload.co/embed/CCn-pGbrSzs/Johnny_Bravo_Capitulo_21_Maestro_Substituto_%28Bryan-espa%29_x264.mp4		19	206	04/21/19	04/21/19
12906	Un Lobo Vestido De Mujer	1	https://openload.co/embed/Z-f0FT6r6_c/Johnny_Bravo_Capitulo_22_Un_Lobo_Vestido_De_Mujer_%28Bryan-espa%29_x264.mp4		20	206	04/21/19	04/21/19
12907	Cuidados Intensivos	1	https://openload.co/embed/4GRgp2PU6SY/Johnny_Bravo_Capitulo_23_Cuidados_Intensivos_-_Tvrip_%28Bryan-espa%29_x264.mp4		21	206	04/21/19	04/21/19
12908	Jumbo Johnny	1	https://openload.co/embed/u5RdO-ZSmeM/Johnny_Bravo_Capitulo_24_Jumbo_Johnny_%28Bryan-espa%29_x264.mp4		22	206	04/21/19	04/21/19
12909	El Regalo Perfecto	1	https://openload.co/embed/4BH_lP_fRFc/Johnny_Bravo_Capitulo_25_El_Regalo_Perfecto_%28Bryan-espa%29_x264.mp4		23	206	04/21/19	04/21/19
12910	Draculeando	1	https://openload.co/embed/LFsF6JayYmw/Johnny_Bravo_Capitulo_27_Draculeando_%28Bryan-espa%29_x264.mp4		24	206	04/21/19	04/21/19
12911	Beto El Mayordomo	1	https://openload.co/embed/FiN_o0I4i6U/Johnny_Bravo_Capitulo_28_Beto__El_Mayordomo_%28Bryan-espa%29_x264.mp4		25	206	04/21/19	04/21/19
12912	Avergonzado En La Casa Blanca	1	https://openload.co/embed/10n6XRa5iYQ/Johnny_Bravo_Capitulo_29_Avergonzado_En_La_Casa_Blanca_%28Bryan-espa%29_x264.mp4		26	206	04/21/19	04/21/19
12913	El Hombre Que Gritaba Payaso!	1	https://openload.co/embed/Cc5FAoonsYU/Johnny_Bravo_Capitulo_30_El_Hombre_Que_Gritaba_%C2%A1Payaso__%28Bryan-espa%29_x264.mp4		27	206	04/21/19	04/21/19
12914	Johnny El Bueno	1	https://openload.co/embed/REsI50PQUjA/Johnny_Bravo_Capitulo_31_Johnny__El_Bueno_%28Bryan-espa%29_x264.mp4		28	206	04/21/19	04/21/19
12915	Paty La Parlanchina	1	https://openload.co/embed/LkGH8Zqs0Ko/Johnny_Bravo_Capitulo_32_Paty__La_Parlanchina_%28Bryan-espa%29_x264.mp4		29	206	04/21/19	04/21/19
12916	Johnny Bravo Conoce A Adam West	1	https://openload.co/embed/FhvW4XAOAD4/Johnny_Bravo_Capitulo_33_Johnny_Bravo_Conoce_A_Adam_West_%28Bryan-espa%29_x264.mp4		30	206	04/21/19	04/21/19
12917	Bajo La Gran Carpa	1	https://openload.co/embed/2pih2aVPeKY/Johnny_Bravo_Capitulo_34_Bajo_La_Gran_Carpa_%28Bryan-espa%29_x264.mp4		31	206	04/21/19	04/21/19
12918	Johnny Conoce A Donny Osmond	1	https://openload.co/embed/niphmjAp30g/Johnny_Bravo_Capitulo_35_Johnny_Conoce_A_Donny_Osmond_%28Bryan-espa%29_x264.mp4		32	206	04/21/19	04/21/19
12919	El Gorila Perdido	1	https://openload.co/embed/77RsRfsKCoE/Johnny_Bravo_Capitulo_36_%28castellano%29_%28Bryan-espa%29_x264.mp4		33	206	04/21/19	04/21/19
12920	El Planeta De Los Bikinis Espaciales	2	https://openload.co/embed/IxkA0ekVVI8/1.Johnny_Bravo_S02_E01_%28Bryan-espa%29_x264.mp4		1	206	04/21/19	04/21/19
12921	La Vocación de Johnny	2	https://openload.co/embed/rccHpUEYe7o/2.Johnny_Bravo_S02_E02_%28Bryan-espa%29_x264.mp4		2	206	04/21/19	04/21/19
12922	Karma Krisis	2	https://openload.co/embed/-hCdioPlO34/3.Johnny_Bravo_S02_E03_%28Bryan-espa%29_x264.mp4		3	206	04/21/19	04/21/19
12923	La Langosta	2	https://openload.co/embed/ZmcBi6MOFho/4.Johnny_Bravo_S02_E04_%28Bryan-espa%29_x264.mp4		4	206	04/21/19	04/21/19
12924	Aventura En La Playa	2	https://openload.co/embed/NKnNg6p5ysY/5.Johnny_Bravo_S02_E05_%28Bryan-espa%29_x264.mp4		5	206	04/21/19	04/21/19
12925	Hogar Dulce Hogar	2	https://openload.co/embed/qxNtZLbPCJU/6.Johnny_Bravo_S02_E06_%28Bryan-espa%29_x264.mp4		6	206	04/21/19	04/21/19
12926	La Mosca	2	https://openload.co/embed/JUK3Z9DDpI4/7.Johnny_Bravo_S02_E07_%28Bryan-espa%29_x264.mp4		7	206	04/21/19	04/21/19
12927	La Pócima Mágica de Johnny	2	https://openload.co/embed/A0O9oxbSbEE/8.Johnny_Bravo_S02_E08_%28Bryan-espa%29_x264.mp4		8	206	04/21/19	04/21/19
12928	El Ingrediente Secreto	2	https://openload.co/embed/a3PFJyjWiT8/9.Johnny_Bravo_S02_E09_%28Bryan-espa%29_x264.mp4		9	206	04/21/19	04/21/19
12929	De Regreso A La Escuela	2	https://openload.co/embed/XUh7BSRtULc/10.Johnny_Bravo_S02_E10_%28Bryan-espa%29_x264.mp4		10	206	04/21/19	04/21/19
12930	Los Náufragos	2	https://openload.co/embed/GC0JwuPniuI/11.Johnny_Bravo_S02_E11_%28Bryan-espa%29_x264.mp4		11	206	04/21/19	04/21/19
12931	Viaje En El Tiempo	2	https://openload.co/embed/9uUyffCj1fw/12.Johnny_Bravo_S02_E12_%28Bryan-espa%29_x264.mp4		12	206	04/21/19	04/21/19
12932	Johnny El Magnifico	2	https://openload.co/embed/1J6jcze3ByA/13.Johnny_Bravo_S02_E13_%28Bryan-espa%29_x264.mp4		13	206	04/21/19	04/21/19
12933	El Niño De La Galaxia	2	https://openload.co/embed/gCiCad2VU3Q/14.Johnny_Bravo_S02_E14_%28Bryan-espa%29_x264.mp4		14	206	04/21/19	04/21/19
12934	Que Viva Patrimochas	2	https://openload.co/embed/92KzJFVH6cA/Johnny_Bravo_Capitulo_78_Que_Viva_Patrimochas_%28Bryan-espa%29_x264.mp4		15	206	04/21/19	04/21/19
12935	Carreras De Autos	2	https://openload.co/embed/EgHvvlY44l4/Johnny_Bravo_Capitulo_80_Carreras_De_Autos_%28Bryan-espa%29_x264.mp4		16	206	04/21/19	04/21/19
12936	Johnny Picasso	2	https://openload.co/embed/zsP79-4G2Bc/Johnny_Bravo_Capitulo_81_Johnny_Picasso_%28Bryan-espa%29_x264.mp4		17	206	04/21/19	04/21/19
12937	Aventura En El Oeste	2	https://openload.co/embed/V9qMJm_i-sA/Johnny_Bravo_Capitulo_82_Aventura_En_El_Oeste_%28Bryan-espa%29_x264.mp4		18	206	04/21/19	04/21/19
12938	Concurso De Reposter¡a	2	https://openload.co/embed/2EcKwiak9tU/Johnny_Bravo_Capitulo_83_Concurso_De_Reposter%C3%ADa_%28Bryan-espa%29_x264.mp4		19	206	04/21/19	04/21/19
12939	Mira Quién Babea	2	https://openload.co/embed/BzKk-r1mZEA/Johnny_Bravo_Capitulo_84_Mira_Qui%C3%A9n_Babea_%28Bryan-espa%29_x264.mp4		20	206	04/21/19	04/21/19
12940	Ley y Desorden	2	https://openload.co/embed/Av9zZGpR9O0/Johnny_Bravo_Capitulo_85_Ley_y_Desorden_%28Bryan-espa%29_x264.mp4		21	206	04/21/19	04/21/19
12941	El Hada De Los Dientes	2	https://openload.co/embed/NG6nI6s3sS8/Johnny_Bravo_Capitulo_86_El_Hada_De_Los_Dientes_%28Bryan-espa%29_x264.mp4		22	206	04/21/19	04/21/19
12942	Johnny Bravo El Inhundible	2	https://openload.co/embed/nck34E49zzE/Johnny_Bravo_Capitulo_87_Johnny_Bravo__El_Inhundible_%28Bryan-espa%29_x264.mp4		23	206	04/21/19	04/21/19
12943	La Historia  Increíble	2	https://openload.co/embed/QXSnHJTAJZI/Johnny_Bravo_Capitulo_88_La_Historia_Incre%C3%ADble_%28Bryan-espa%29_x264.mp4		24	206	04/21/19	04/21/19
12944	Liberen A Pookey	2	https://openload.co/embed/MNmpOukvTwY/Johnny_Bravo_Capitulo_89_Liberen_A_Pookey_%28Bryan-espa%29_x264.mp4		25	206	04/21/19	04/21/19
12945	Carnaval De La Edad Media	2	https://openload.co/embed/R0yRGVpy_ok/Johnny_Bravo_Capitulo_90_Carnaval_De_La_Edad_Media_%28Bryan-espa%29_x264.mp4		26	206	04/21/19	04/21/19
12946	La Guerra De Los Globos	2	https://openload.co/embed/VpIs1pdNwbQ/Johnny_Bravo_Capitulo_91_La_Guerra_De_Los_Globos_%28Bryan-espa%29_x264.mp4		27	206	04/21/19	04/21/19
12947	Johnny Karateka Van Damme Bruce Lee	2	https://openload.co/embed/HQaONNKJK5s/Johnny_Bravo_Capitulo_92_Johnny_Karateka_Van_Damme_Bruce_Lee_%28Bryan-espa%29_x264.mp4		28	206	04/21/19	04/21/19
12948	Clonación De Johnny	2	https://openload.co/embed/aMK6dzdqUfQ/Johnny_Bravo_Capitulo_95_Clonaci%C3%B3n_De_Johnny_%28Bryan-espa%29_x264.mp4		29	206	04/21/19	04/21/19
12949	Johnny Loch Ness	2	https://openload.co/embed/7YdVneDnDLU/Johnny_Bravo_Capitulo_96_Johnny_Loch_Ness_%28Bryan-espa%29_x264.mp4		30	206	04/21/19	04/21/19
12950	Niñas Exploradoras	2	https://openload.co/embed/8mNucwRYj4U/Johnny_Bravo_Capitulo_97_Ni%C3%B1as_Exploradoras_%28Bryan-espa%29_x264.mp4		31	206	04/21/19	04/21/19
12951	El Gladiador Gandaya	2	https://openload.co/embed/Ww1Cb9bZwWg/Johnny_Bravo_Capitulo_98_El_Gladiador_Gandaya_%28Bryan-espa%29_x264.mp4		32	206	04/21/19	04/21/19
12952	Ataque De Hipo	2	https://openload.co/embed/WML6qmLVd_k/Johnny_Bravo_Capitulo_99_Ataque_De_Hipo_%28Bryan-espa%29_x264.mp4		33	206	04/21/19	04/21/19
12953	Mundo Marino	2	https://openload.co/embed/kkOTy9koplU/Johnny_Bravo_Capitulo_100_Mundo_Marino_%28Bryan-espa%29_x264.mp4		34	206	04/21/19	04/21/19
12954	El Dios Trueno	2	https://openload.co/embed/MfVFOpXc1mY/Johnny_Bravo_Capitulo_101_El_Dios_Trueno_%28Bryan-espa%29_x264.mp4		35	206	04/21/19	04/21/19
12955	La Guia De Amor De Luke Perry	3	https://openload.co/embed/RVB4EGex-1I/Johnny_Bravo_Capitulo_102_La_Gu%C3%ADa_De_Amor_De_Luke_Perry_%28Bryan-espa%29_x264.mp4		1	206	04/21/19	04/21/19
12956	El Guardaespaldas y No El De Whitney	3	https://openload.co/embed/U4IEJ0MPYAM/Johnny_Bravo_Capitulo_103_El_Guardaespaldas_y_No_El_De_Whitney_%28Bryan-espa%29_x264.mp4		2	206	04/21/19	04/21/19
12957	Johnny Fugitivo	3	https://openload.co/embed/I8uBitUF23U/Johnny_Bravo_Capitulo_104_Johnny_Fugitivo_%28Bryan-espa%29_x264.mp4		3	206	04/21/19	04/21/19
12958	Johnny Virtual	3	https://openload.co/embed/Hea0RBlJrvM/Johnny_Bravo_Capitulo_105_Johnny_Virtual_%28Bryan-espa%29_x264.mp4		4	206	04/21/19	04/21/19
12959	Fantasmas	3	https://openload.co/embed/ux5JF5XanvE/Johnny_Bravo_Capitulo_106_Fantasmas_%28Bryan-espa%29_x264.mp4		5	206	04/21/19	04/21/19
12960	Caceria	3	https://openload.co/embed/BTkVzrny74U/Johnny_Bravo_Capitulo_107_Cacer%C3%ADa_%28Bryan-espa%29_x264.mp4		6	206	04/21/19	04/21/19
12961	El Candidato	3	https://openload.co/embed/prE43_woy0k/Johnny_Bravo_Capitulo_108_El_Candidato_%28Bryan-espa%29_x264.mp4		7	206	04/21/19	04/21/19
12962	Trabajo En Equipo	3	https://openload.co/embed/LCMjKNrUx5Q/Johnny_Bravo_Capitulo_109_Trabajo_En_Equipo_%28Bryan-espa%29_x264.mp4		8	206	04/21/19	04/21/19
12963	Johnny Bravo Zabludovsky	3	https://openload.co/embed/O2soar4HPdM/Johnny_Bravo_Capitulo_111_Johnny_Bravo_Zabludovsky_%28Bryan-espa%29_x264.mp4		9	206	04/21/19	04/21/19
12964	La Maldición	3	https://openload.co/embed/NJY-Di-1uvQ/Johnny_Bravo_Capitulo_112_La_Maldici%C3%B3n_%28Bryan-espa%29_x264.mp4		10	206	04/21/19	04/21/19
12965	El Robo Del Siglo	3	https://openload.co/embed/PsFpry1-HHc/Johnny_Bravo_Capitulo_114_El_Robo_Del_Siglo_%28Bryan-espa%29_x264.mp4		11	206	04/21/19	04/21/19
12966	Johnny En La Biósfera	3	https://openload.co/embed/UBLlHrvvvuE/Johnny_Bravo_Capitulo_115_Johnny_En_La_Bi%C3%B3sfera_%28Bryan-espa%29_x264.mp4		12	206	04/21/19	04/21/19
12967	Vida Saludable	3	https://openload.co/embed/d3RYINQ8WcQ/Johnny_Bravo_Capitulo_116_Vida_Saludable_%28Bryan-espa%29_x264.mp4		13	206	04/21/19	04/21/19
12968	Tonto Por Un D¡a	3	https://openload.co/embed/7UpqVl-qz4Q/Johnny_Bravo_Capitulo_117_Tonto_Por_Un_D%C3%ADa_%28Bryan-espa%29_x264.mp4		14	206	04/21/19	04/21/19
12969	Sólo En Tus Sueños	3	https://openload.co/embed/KvXkheQz_ac/Johnny_Bravo_Capitulo_118_S%C3%B3lo_En_Tus_Sue%C3%B1os_%28Bryan-espa%29_x264.mp4		15	206	04/21/19	04/21/19
12970	Concurso De Belleza	3	https://openload.co/embed/EZxmUt4Z5xs/Johnny_Bravo_Capitulo_119_Concurso_De_Belleza_%28Bryan-espa%29_x264.mp4		16	206	04/21/19	04/21/19
12971	Higiene Dental	3	https://openload.co/embed/qfkASkEVnr0/Johnny_Bravo_Capitulo_120_Higiene_Dental_%28Bryan-espa%29_x264.mp4		17	206	04/21/19	04/21/19
12972	Caperucita y El Lobo	3	https://openload.co/embed/H2BamvuOiXU/Johnny_Bravo_Capitulo_121_Caperucita_y_El_Lobo_%28Bryan-espa%29_x264.mp4		18	206	04/21/19	04/21/19
12973	Expedición A Australia	3	https://openload.co/embed/0kXi-LramSQ/Johnny_Bravo_Capitulo_122_Expedici%C3%B3n_A_Australia_%28Bryan-espa%29_x264.mp4		19	206	04/21/19	04/21/19
12974	El Tonto Jursico	3	https://openload.co/embed/zbezALbtO48/Johnny_Bravo_Capitulo_123_El_Tonto_Jur%C3%A1sico_%28Bryan-espa%29_x264.mp4		20	206	04/21/19	04/21/19
12975	Academia De Mascotas	3	https://openload.co/embed/CZ1-uFUIJe8/Johnny_Bravo_Capitulo_124_Academia_De_Mascotas_%28Bryan-espa%29_x264.mp4		21	206	04/21/19	04/21/19
12976	El Soldado Johnny	3	https://openload.co/embed/MNGWDs9n5zs/Johnny_Bravo_Capitulo_125_El_Soldado_Johnny_%28Bryan-espa%29_x264.mp4		22	206	04/21/19	04/21/19
12977	Johnny Sobre Hielo	3	https://openload.co/embed/0cemgRJvK2w/Johnny_Bravo_Capitulo_126_Johnny_Sobre_Hielo_%28Bryan-espa%29_x264.mp4		23	206	04/21/19	04/21/19
12978	Mamá Robot	3	https://openload.co/embed/yKorW8waQx8/Johnny_Bravo_Capitulo_127_Mam%C3%A1_Robot_%28Bryan-espa%29_x264.mp4		24	206	04/21/19	04/21/19
12979	20,000 Leguas De Viaje Submarino	3	https://openload.co/embed/BnatAEfeAq0/Johnny_Bravo_Capitulo_128_20_000_Leguas_De_Viaje_Submarino_%28Bryan-espa%29_x264.mp4		25	206	04/21/19	04/21/19
12980	El Genio Johnny	3	https://openload.co/embed/Joftn0iOrIU/Johnny_Bravo_Capitulo_129_El_Genio_Johnny_%28Bryan-espa%29_x264.mp4		26	206	04/21/19	04/21/19
12981	Un Bravo En El Jurado	3	https://openload.co/embed/s5ip-NUwQew/Johnny_Bravo_Capitulo_130_Un_Bravo_En_El_Jurado_%28Bryan-espa%29_x264.mp4		27	206	04/21/19	04/21/19
12982	Carnaval De Fenómenos	3	https://openload.co/embed/i52Rj3EZhXw/Johnny_Bravo_Capitulo_131_Carnaval_De_Fen%C3%B3menos_%28Bryan-espa%29_x264.mp4		28	206	04/21/19	04/21/19
12983	Maratón	3	https://openload.co/embed/tTtDnJOP3UU/Johnny_Bravo_Capitulo_132_Marat%C3%B3n_%28Bryan-espa%29_x264.mp4		29	206	04/21/19	04/21/19
12984	Bravo Solitario	3	https://openload.co/embed/Ym8ueFq5vyw/Johnny_Bravo_Capitulo_133_Bravo_Solitario_%28Bryan-espa%29_x264.mp4		30	206	04/21/19	04/21/19
12985	Johnny Karateka	3	https://openload.co/embed/NsGdY7G6n1E/Johnny_Bravo_Capitulo_134_Johnny_Karateka_%28Bryan-espa%29_x264.mp4		31	206	04/21/19	04/21/19
12986	El Libro Prohibido	3	https://openload.co/embed/82OOXjd5vMo/Johnny_Bravo_Capitulo_135_El_Libro_Prohibido_%28Bryan-espa%29_x264.mp4		32	206	04/21/19	04/21/19
12987	El Muñeco Johnny 	3	https://openload.co/embed/3bce7F7Qopg/Johnny_Bravo_Capitulo_136_El_Mu%C3%B1eco_Johnny_%28Bryan-espa%29_x264.mp4		33	206	04/21/19	04/21/19
12988	Frankibravo	3	https://openload.co/embed/Yuqlaq_080c/Johnny_Bravo_Capitulo_137_Frankibravo_%28Bryan-espa%29_x264.mp4		34	206	04/21/19	04/21/19
12989	La Hermandad	3	https://openload.co/embed/VN1yesDTJA0/Johnny_Bravo_Capitulo_138_La_Hermandad_%28Bryan-espa%29_x264.mp4		35	206	04/21/19	04/21/19
12990	El Súper Héroe De Las Botas	3	https://openload.co/embed/z8AkufLs9aA/Johnny_Bravo_Capitulo_139_El_S%C3%BAper_H%C3%A9roe_De_Las_Botas_%28Bryan-espa%29_x264.mp4		36	206	04/21/19	04/21/19
12991	Las Pesadillas De Johnny	3	https://openload.co/embed/XpSQEy1GsCM/Johnny_Bravo_Capitulo_140_Las_Pesadillas_De_Johnny_%28Bryan-espa%29_x264.mp4		37	206	04/21/19	04/21/19
12992	Torneo De Golf	3	https://openload.co/embed/Di_EI0u9zE8/Johnny_Bravo_Capitulo_141_Torneo_De_Golf_%28Bryan-espa%29_x264.mp4		38	206	04/21/19	04/21/19
12993	Condena A La Johnny	3	https://openload.co/embed/bdRVtepHBYk/Johnny_Bravo_Capitulo_142_Condena_A_La_Johnny_%28Bryan-espa%29_x264.mp4		39	206	04/21/19	04/21/19
12994	Johnny  El Leñador 	3	https://openload.co/embed/4DdE4Mc8tPA/Johnny_Bravo_Capitulo_143_Johnny__El_Le%C3%B1ador_%28Bryan-espa%29_x264.mp4		40	206	04/21/19	04/21/19
12995	Maestro  Maestro	3	https://openload.co/embed/MaztZWVfYBc/Johnny_Bravo_Capitulo_144_Maestro__Maestro_%28Bryan-espa%29_x264.mp4		41	206	04/21/19	04/21/19
12996	Viaje En El Tren	3	https://openload.co/embed/1Y_k6Zr1AIo/Johnny_Bravo_Capitulo_145_Viaje_En_El_Tren_%28Bryan-espa%29_x264.mp4		42	206	04/21/19	04/21/19
12997	Misión En Alaska	3	https://openload.co/embed/GYsZ-wZuKg0/Johnny_Bravo_Capitulo_146_Misi%C3%B3n_En_Alaska_%28Bryan-espa%29_x264.mp4		43	206	04/21/19	04/21/19
12998	Johnny Bravo En Navidad 	3	https://openload.co/embed/NfSlQ2K0c2g/Johnny_Bravo_Capitulo_147_Johnny_Bravo_En_Navidad_-_Tvrip_%28Bryan-espa%29_x264.mp4		44	206	04/21/19	04/21/19
12999	La Isla Monstruosa	3	https://openload.co/embed/xvbLPytTlkU/Johnny_Bravo_Capitulo_148_La_Isla_Monstruosa_%28Bryan-espa%29_x264.mp4		45	206	04/21/19	04/21/19
13000	El Color De La Mostaza	3	https://openload.co/embed/MI0aHeMH2Ko/Johnny_Bravo_Capitulo_149_El_Color_De_La_Mostaza_%28Bryan-espa%29_x264.mp4		46	206	04/21/19	04/21/19
13001	El Tercer Idiota Del Sol	3	https://openload.co/embed/MNVsM-XFh3k/Johnny_Bravo_Capitulo_150_El_Tercer_Idiota_Del_Sol_%28Bryan-espa%29_x264.mp4		47	206	04/21/19	04/21/19
13002	El Proyecto De La Bruja  Hansel y Gretel	3	https://openload.co/embed/AyBElBThwYs/Johnny_Bravo_Capitulo_151_El_Proyecto_De_La_Bruja__Hansel_y_Gretel_%28Bryan-espa%29_x264.mp4		48	206	04/21/19	04/21/19
13003	Reencuentros	3	https://openload.co/embed/KApickXB00Q/Johnny_Bravo_Capitulo_153_Reencuentros_%28Bryan-espa%29_x264.mp4		49	206	04/21/19	04/21/19
13004	El Día De Los Enamorados	3	https://openload.co/embed/9pUdjvnSBng/Johnny_Bravo_Capitulo_154_El_D%C3%ADa_De_Los_Enamorados_%28Bryan-espa%29_x264.mp4		50	206	04/21/19	04/21/19
13005	Johnny Bravo Va A Hollywood	4	https://openload.co/embed/FlzDiExjTfk/Johnny_Bravo_Capitulo_155_Johnny_Bravo_Va_A_Hollywood_%28Bryan-espa%29_x264.mp4		1	206	04/21/19	04/21/19
13006	Problemas De Tránsito	4	https://openload.co/embed/duNNg-trrbc/Johnny_Bravo_Capitulo_156_Problemas_De_Tr%C3%A1nsito_%28Bryan-espa%29_x264.mp4		2	206	04/21/19	04/21/19
13007	Un Amigo Gracioso	4	https://openload.co/embed/B8V5GlD_68M/Johnny_Bravo_Capitulo_157_Un_Amigo_Gracioso_%28Bryan-espa%29_x264.mp4		3	206	04/21/19	04/21/19
13008	Gana El Toro Guapo	4	https://openload.co/embed/qDApnrazfcI/Johnny_Bravo_Capitulo_158_Gana_El_Toro_Guapo_%28Bryan-espa%29_x264.mp4		4	206	04/21/19	04/21/19
13009	La Lección De Johnny	4	https://openload.co/embed/jyO0_6zygJU/Johnny_Bravo_Capitulo_159_La_Lecci%C3%B3n_De_Johnny_%28Bryan-espa%29_x264.mp4		5	206	04/21/19	04/21/19
13010	Solo En Casa	4	https://openload.co/embed/8HZHFKiDEqM/Johnny_Bravo_Capitulo_160_Solo_En_Casa_%28Bryan-espa%29_x264.mp4		6	206	04/21/19	04/21/19
13011	Mini Johnny Bravo	4	https://openload.co/embed/LWogsr8rGko/Johnny_Bravo_Capitulo_161_Mini_Johnny_Bravo_%28Bryan-espa%29_x264.mp4		7	206	04/21/19	04/21/19
13012	Volver Al Futuro	4	https://openload.co/embed/y3SsR4dMFuo/Johnny_Bravo_Capitulo_162_Volver_Al_Futuro_%28Bryan-espa%29_x264.mp4		8	206	04/21/19	04/21/19
13013	Oui  Oui Johnny	4	https://openload.co/embed/3k9T499bpLE/Johnny_Bravo_Capitulo_163_Oui__Oui__Johnny_%28Bryan-espa%29_x264.mp4		9	206	04/21/19	04/21/19
13014	Cuentos  Ñaca Ñaca	4	https://openload.co/embed/3A3O8SoGb2Q/Johnny_Bravo_Capitulo_164_Cuentos_%C3%91aca_%C3%91aca_%28Bryan-espa%29_x264.mp4		10	206	04/21/19	04/21/19
13015	La Súper Pala	4	https://openload.co/embed/t1_yFTHTzeE/Johnny_Bravo_Capitulo_165_La_S%C3%BAper_Pala_%28Bryan-espa%29_x264.mp4		11	206	04/21/19	04/21/19
13016	T De Tragedia	4	https://openload.co/embed/W2MkMclusrE/Johnny_Bravo_Capitulo_166_T_De_Tragedia_%28Bryan-espa%29_x264.mp4		12	206	04/21/19	04/21/19
13017	Esas Canas	4	https://openload.co/embed/qmOF0AKhYLs/Johnny_Bravo_Capitulo_167_Esas_Canas_%28Bryan-espa%29_x264.mp4		13	206	04/21/19	04/21/19
13018	Doble Visión	4	https://openload.co/embed/qNXwJNFImGk/Johnny_Bravo_Capitulo_168_Doble_Visi%C3%B3n_%28Bryan-espa%29_x264.mp4		14	206	04/21/19	04/21/19
13019	Johnny Invisible	4	https://openload.co/embed/2SwTWhmmntk/Johnny_Bravo_Capitulo_169_Johnny_Invisible_%28Bryan-espa%29_x264.mp4		15	206	04/21/19	04/21/19
13020	El Manjar Al Final De Este Programa	4	https://openload.co/embed/8xHWhRzFpf0/Johnny_Bravo_Capitulo_170_El_Manjar_Al_Final_De_Este_Programa_%28Bryan-espa%29_x264.mp4		16	206	04/21/19	04/21/19
13021	La Historia De Mi Vida	4	https://openload.co/embed/Zs-Gngnba1E/Johnny_Bravo_Capitulo_171_La_Historia_De_Mi_Vida_%28Bryan-espa%29_x264.mp4		17	206	04/21/19	04/21/19
13022	Corre  Johnny  Corre	4	https://openload.co/embed/omyfQpoKH10/Johnny_Bravo_Capitulo_172_Corre__Johnny__Corre_%28Bryan-espa%29_x264.mp4		18	206	04/21/19	04/21/19
13023	Programa De Protección A La Naturaleza	4	https://openload.co/embed/fQ0RL7R8Fdc/Johnny_Bravo_Capitulo_173_Programa_De_Protecci%C3%B3n_A_La_Naturaleza_%28Bryan-espa%29_x264.mp4		19	206	04/21/19	04/21/19
13024	Una Página En La Historia	4	https://openload.co/embed/dyAaMv4g6P0/Johnny_Bravo_Capitulo_174_Una_P%C3%A1gina_En_La_Historia_%28Bryan-espa%29_x264.mp4		20	206	04/21/19	04/21/19
13025	Alguien Camina Por La Noche	4	https://openload.co/embed/Kzj1fxlOyfI/Johnny_Bravo_Capitulo_175_Alguien_Camina_Por_La_Noche_%28Bryan-espa%29_x264.mp4		21	206	04/21/19	04/21/19
13026	Las Citas De Adam West	4	https://openload.co/embed/ZFEcV9Lod9k/Johnny_Bravo_Capitulo_176_Las_Citas_De_Adam_West_%28Bryan-espa%29_x264.mp4		22	206	04/21/19	04/21/19
13027	Cambio De Imagen	4	https://openload.co/embed/HbMlUq_LBos/Johnny_Bravo_Capitulo_177_Cambio_De_Imagen_%28Bryan-espa%29_x264.mp4		23	206	04/21/19	04/21/19
13028	La Suerte De Shaq	4	https://openload.co/embed/6QynJmiEM6A/Johnny_Bravo_Capitulo_178_La_Suerte_De_Shaq_%28Bryan-espa%29_x264.mp4		24	206	04/21/19	04/21/19
13029	Johnny Bravo Va a Bollywood	4	https://openload.co/embed/py776vmvTLM/Johnny_Bravo_va_a_Bollywood_%282012%29_%28Bryan-espa%29_x264.mp4		25	206	04/21/19	04/21/19
