10560	El misterio de la bicicleta robada	1	https://openload.co/embed/nsmFc9mqRAs/1x01_x264.mp4		1	174	05/03/18	05/03/18
10561	El misterio del monstruo del centro de la tierra	1	https://openload.co/embed/6CSMMFr_Q34/1x02_x264.mp4		2	174	05/03/18	05/03/18
10562	El misterio del monstruo de queso	1	https://openload.co/embed/VNFCMFVtyxw/1x03_x264.mp4		3	174	05/03/18	05/03/18
10563	Un monstruo se ha llevado mi cómic	1	https://openload.co/embed/Ezgo6w1odes/1x04_x264.mp4		4	174	05/03/18	05/03/18
10564	Un fantasma detrás de emisión	1	https://openload.co/embed/ktifa1gWCig/1x05_x264.mp4		5	174	05/03/18	05/03/18
10565	Una niñera del más allá	1	https://openload.co/embed/4rMHgaaBRZY/1x06_x264.mp4		6	174	05/03/18	05/03/18
10566	Un misterio muy frío	1	https://openload.co/embed/NDH70OqEMBw/1x07_x264.mp4		7	174	05/03/18	05/03/18
10567	El fantasma del museo	1	https://openload.co/embed/qGOFx3KgQ-E/1x08_x264.mp4		8	174	05/03/18	05/03/18
10568	El patinador sin cabeza	1	https://openload.co/embed/xhufAspI3EE/1x09_x264.mp4		9	174	05/03/18	05/03/18
10569	Una noche de brujas	1	https://openload.co/embed/Vx1KdNMqHGA/1x10_x264.mp4		10	174	05/03/18	05/03/18
10570	Un monstruo de madera	1	https://openload.co/embed/bhJGqXBx6dQ/1x11_x264.mp4		11	174	05/03/18	05/03/18
10571	El perro nuclear	1	https://openload.co/embed/9HVzAexZ8_s/1x12_x264.mp4		12	174	05/03/18	05/03/18
10572	Luces, cámara, un monstruo	1	https://openload.co/embed/0yUXrIyfO64/1x13_x264.mp4		13	174	05/03/18	05/03/18
10573	La maldición del collar	2	https://openload.co/embed/ifGMh6n4uso/2x01_x264.mp4		1	174	05/03/18	05/03/18
10574	El regreso del Comandante Coloso	2	https://openload.co/embed/qm5WD5f5hsc/2x02_x264.mp4		2	174	05/03/18	05/03/18
10575	El fantasma rockero	2	https://openload.co/embed/BF7bv23ODZ4/2x03_x264.mp4		3	174	05/03/18	05/03/18
10576	Gallenstein vive	2	https://openload.co/embed/XaYLqDuIXJU/2x04_x264.mp4		4	174	05/03/18	05/03/18
10577	La noche de la hamburguesa viviente	2	https://openload.co/embed/jZ9koA2gR9Y/2x05_x264.mp4		5	174	05/03/18	05/03/18
10578	Nos invaden las máquinas	2	https://openload.co/embed/Y-Zv-ySFg2o/2x06_x264.mp4		6	174	05/03/18	05/03/18
10579	Scooby-Doo se va de casa	2	https://openload.co/embed/TYrNgaHVvrw/2x07_x264.mp4		7	174	05/03/18	05/03/18
10580	El espectáculo más grande del mundo	2	https://openload.co/embed/lk4OZym2XYA/2x08_x264.mp4		8	174	05/03/18	05/03/18
10581	La noche de la motocicleta perdida	3	https://openload.co/embed/NPKIA8ltjQ0/3x01_x264.mp4		1	174	05/03/18	05/03/18
10582	El caso de la aventura espacial	3	https://openload.co/embed/tZH895VAKb0/3x02_x264.mp4		2	174	05/03/18	05/03/18
10583	Los locos de la lucha libre	3	https://openload.co/embed/5bwhQQuyJdM/3x03_x264.mp4		3	174	05/03/18	05/03/18
10584	El horror de la peluca embrujada	3	https://openload.co/embed/7PVzyGyew9k/3x04_x264.mp4		4	174	05/03/18	05/03/18
10585	Las travesuras del molusco andarín	3	https://openload.co/embed/9s3TSmI2wAE/3x05_x264.mp4		5	174	05/03/18	05/03/18
10586	El monstruo de la mansión Doo	3	https://openload.co/embed/xJWl9bmfkEw/3x06_x264.mp4		6	174	05/03/18	05/03/18
10587	El Catcher astuto	3	https://openload.co/embed/tWMC_vx_rK4/3x07_x264.mp4		7	174	05/03/18	05/03/18
10588	El fantasma de la Sra. Shusham	3	https://openload.co/embed/puXZQGsu5X0/3x08_x264.mp4		8	174	05/03/18	05/03/18
10589	La furia del mesero	3	https://openload.co/embed/R_5amPWqIfg/3x09_x264.mp4		9	174	05/03/18	05/03/18
10590	Mr.big (Capitulo piloto en B/N)	1	https://openload.co/embed/YwODCWMY7bo/T01E01_x264.mp4		1	175	05/03/18	05/03/18
10591	La Hija del Diplomático	1	https://openload.co/embed/wfhYFB7COQs/T01E02_x264.mp4		2	175	05/03/18	05/03/18
10592	Días de Escuela	1	https://openload.co/embed/PCq2xvA5kIU/T01E03_x264.mp4		3	175	05/03/18	05/03/18
10593	Nuestro Hombre en Jugetilandia	1	https://openload.co/embed/MR4ok8ysb3A/T01E04_x264.mp4		4	175	05/03/18	05/03/18
10594	Ahora lo ves, ahora no lo ves	1	https://openload.co/embed/uqVozZ4PbrA/T01E05_x264.mp4		5	175	05/03/18	05/03/18
10595	Washington 4, Indians 3	1	https://openload.co/embed/qmhXxOe0Z8k/T01E06_x264.mp4		6	175	05/03/18	05/03/18
10596	Kaos in Control	1	https://openload.co/embed/nUm_lbeL2Ag/T01E07_x264.mp4		7	175	05/03/18	05/03/18
10597	El día en que Smart se volvió gallina	1	https://openload.co/embed/nYpV7oY8gXI/T01E08_x264.mp4		8	175	05/03/18	05/03/18
10598	La hoguera del Diablo	1	https://openload.co/embed/284bjaT_Khs/T01E09_x264.mp4		9	175	05/03/18	05/03/18
10599	Nuestro hombre en la Embajada	1	https://openload.co/embed/EpmUE8C6-ZQ/T01E010_x264.mp4		10	175	05/03/18	05/03/18
10600	Muchos Jefes	1	https://openload.co/embed/vp25b54GKMo/T01E011_x264.mp4		11	175	05/03/18	05/03/18
10601	Mi Sobrino el Espía	1	https://openload.co/embed/5B5MXNp4ihM/T01E012_x264.mp4		12	175	05/03/18	05/03/18
10602	A Bordo del Expreso de Oriente	1	https://openload.co/embed/dcrmfVEVSM8/T01E013_x264.mp4		13	175	05/03/18	05/03/18
10603	Fin de Semana con el Vampiro	1	https://openload.co/embed/NsjckpK3W2s/T01E014_x264.mp4		14	175	05/03/18	05/03/18
10604	Sobrevive el mas Gordo	1	https://openload.co/embed/n46305aV1rM/T01E015_x264.mp4		15	175	05/03/18	05/03/18
10605	Double Agent	1	https://openload.co/embed/gIX1FnSjFxY/T01E016_x264.mp4		16	175	05/03/18	05/03/18
10606	Besos para KAOS	1	https://openload.co/embed/-fvHoGPd8KU/T01E017_x264.mp4		17	175	05/03/18	05/03/18
10607	Los garabatos del espía muerto	1	https://openload.co/embed/tRC2yf0aW0s/T01E018_x264.mp4		18	175	05/03/18	05/03/18
10608	Retorno a la vieja pizarra de dibujo	1	https://openload.co/embed/qGkoHexjBCs/T01E019_x264.mp4.mp4		19	175	05/03/18	05/03/18
10609	Todo esta en la mente	1	https://openload.co/embed/PH9-A4zVV2A/T01E020_x264.mp4		20	175	05/03/18	05/03/18
10610	Querido Diario	1	https://openload.co/embed/sCd5aPSz7fM/T01E021_x264.mp4		21	175	05/03/18	05/03/18
10611	Smart, el asecino	1	https://openload.co/embed/Jxsc9J5FKzw/T01E022_x264.mp4		22	175	05/03/18	05/03/18
10612	Soy solo un humano	1	https://openload.co/embed/QJsbhIH_gK4/T01E023_x264.mp4		23	175	05/03/18	05/03/18
10613	Parada en Blue Mist Mountain	1	https://openload.co/embed/QnJw-40HeXA/T01E024_x264.mp4		24	175	05/03/18	05/03/18
10614	El asombroso Harry Who	1	https://openload.co/embed/D6fqXZP8W1c/T01E025_x264.mp4		25	175	05/03/18	05/03/18
10615	La sinfonía inconclusa de Hubert	1	https://openload.co/embed/edflY7reUwg/T01E026_x264.mp4		26	175	05/03/18	05/03/18
10616	La nave de los espías parte1	1	https://openload.co/embed/RLwkb0od3-A/T01E027_x264.mp4		27	175	05/03/18	05/03/18
10617	La nave de los espías parte2	1	https://openload.co/embed/DJH6BLuffDA/T01E028_x264.mp4		28	175	05/03/18	05/03/18
10618	Embarque hacia Beirut	1	https://openload.co/embed/OHnQUC9_7SM/T01E029_x264.mp4		29	175	05/03/18	05/03/18
10619	El último es un espía torpe	1	https://openload.co/embed/Af9DKapASk0/T01E030_x264.mp4		30	175	05/03/18	05/03/18
10620	Anatomía de un amor	2	https://openload.co/embed/NTHEfWi1NRI/T02E01_x264.mp4		1	175	05/03/18	05/03/18
10621	Huelga en Control	2	https://openload.co/embed/wHVXhsOMJSk/T02E02_x264.mp4		2	175	05/03/18	05/03/18
10622	Un espía por un espía	2	https://openload.co/embed/m0Xmq55p3VU/T02E03_x264.mp4		3	175	05/03/18	05/03/18
10623	El único camino para morir	2	https://openload.co/embed/foVIIWw8JUs/T02E04_x264.mp4		4	175	05/03/18	05/03/18
10624	Maxwell Smart, alias Jimie Ballantine	2	https://openload.co/embed/PovvQHXw994/T02E05_x264.mp4		5	175	05/03/18	05/03/18
10625	Casablanca	2	https://openload.co/embed/qXfW3AOtG0I/T02E06_x264.mp4		6	175	05/03/18	05/03/18
10626	El Señuelo	2	https://openload.co/embed/NMkTIcUfVB0/T02E07_x264.mp4		7	175	05/03/18	05/03/18
10627	Quien lo hizo	2	https://openload.co/embed/j4R_ZHMr1TI/T02E08_x264.mp4		8	175	05/03/18	05/03/18
10628	Tres espías en el Submarino	2	https://openload.co/embed/FwUjnEyZChg/T02E09_x264.mp4		9	175	05/03/18	05/03/18
10629	El más grande espía sobre la tierra	2	https://openload.co/embed/D1HWfvCjNpA/T02E010_x264.mp4		10	175	05/03/18	05/03/18
10630	La isla de la sicatriz	2	https://openload.co/embed/0UO9zJGLq18/T02E011_x264.mp4		11	175	05/03/18	05/03/18
10631	Bronzefinger	2	https://openload.co/embed/gNsGdlS1MpM/T02E012_x264.mp4		12	175	05/03/18	05/03/18
10632	Peligro en una tienda de mascotas	2	https://openload.co/embed/CBDylea-CiA/T02E013_x264.mp4		13	175	05/03/18	05/03/18
10633	La Caries y algo más ...	2	https://openload.co/embed/SolknDwQSds/T02E014_x264.mp4		14	175	05/03/18	05/03/18
10634	El beso de la muerte	2	https://openload.co/embed/ysEZp9-yEJk/T02E015_x264.mp4		15	175	05/03/18	05/03/18
10635	Tomenlo a uno para saber como es	2	https://openload.co/embed/C6ynJHpMMXk/T02E016_x264.mp4		16	175	05/03/18	05/03/18
10636	Alguien me quiere matar	2	https://openload.co/embed/xkYGWwD_acA/T02E017_x264.mp4		17	175	05/03/18	05/03/18
10637	Reducciones en CONTROL	2	https://openload.co/embed/d9hhYifQ0ag/T02E018_x264.mp4		18	175	05/03/18	05/03/18
10638	La momia	2	https://openload.co/embed/WZSpvnlRduE/T02E019_x264.mp4		19	175	05/03/18	05/03/18
10639	Las chicas de KAOS	2	https://openload.co/embed/UwoZrTLQa68/T02E020_x264.mp4		20	175	05/03/18	05/03/18
10640	The man from Yenta	2	https://openload.co/embed/whYtzjh9Xng/T02E021_x264.mp4		21	175	05/03/18	05/03/18
10641	Smart arranca la batalla de Jericó	2	https://openload.co/embed/QPsQCWMeQyE/T02E022_x264.mp4		22	175	05/03/18	05/03/18
10642	Donde - que - como - y quién soy yo ?	2	https://openload.co/embed/sBnRUJx-kvg/T02E023_x264.mp4		23	175	05/03/18	05/03/18
10643	El agente desechable	2	https://openload.co/embed/NV27IDW7eCE/T02E024_x264.mp4		24	175	05/03/18	05/03/18
10644	Mi amigo SixfriedApuntando en Sahara	2	https://openload.co/embed/xr5yv8WRI9I/T02E025_x264.mp4		25	175	05/03/18	05/03/18
10645	Pussycats Galore	2	https://openload.co/embed/AOwEFeydgys/T02E026_x264.mp4		26	175	05/03/18	05/03/18
10646	Un hombre llamado Smart parte1	2	https://openload.co/embed/TfhlRfCUjaU/T02E027_x264.mp4		27	175	05/03/18	05/03/18
10647	Un hombre llamado Smart parte2	2	https://openload.co/embed/0RwrYjAB7hY/T02E028_x264.mp4		28	175	05/03/18	05/03/18
10648	Un hombre llamado Smart parte3	2	https://openload.co/embed/D5woMOO1AY0/T02E029_x264.mp4		29	175	05/03/18	05/03/18
10649	Viva Smart	2	https://openload.co/embed/SSv13rEu0e0/T02E030_x264.mp4		30	175	05/03/18	05/03/18
10650	Testigo para la persecución	3	https://openload.co/embed/blK66u9JImw/T03E01_x264.mp4		1	175	05/03/18	05/03/18
10651	El espía que se conoció a si mismo	3	https://openload.co/embed/bsHVwTR3lEQ/T03E02_x264.mp4		2	175	05/03/18	05/03/18
10652	El espíritu está gustoso	3	https://openload.co/embed/8n2cHQ9CehE/T03E03_x264.mp4		3	175	05/03/18	05/03/18
10653	Maxwell Smart, Investigador Privado	3	https://openload.co/embed/GhfgiB55Xlw/T03E04_x264.mp4		4	175	05/03/18	05/03/18
10654	La Bomba Sónica	3	https://openload.co/embed/c2owaekmCAE/T03E05_x264.mp4		5	175	05/03/18	05/03/18
10655	Una de nuestras aceitunas se ha perdid	3	https://openload.co/embed/Uw6YZD-fOUY/T03E06_x264.mp4		6	175	05/03/18	05/03/18
10656	Cuando los buenos compañeros se reunen	3	https://openload.co/embed/1sFRqIWNgvk/T03E07_x264.mp4		7	175	05/03/18	05/03/18
10657	Dr. Sí	3	https://openload.co/embed/eO6ipTh4ssY/T03E08_x264.mp4		8	175	05/03/18	05/03/18
10658	La vieja banda del escorpión	3	https://openload.co/embed/HfxoFSXRI7U/T03E09_x264.mp4		9	175	05/03/18	05/03/18
10659	Los caballeros Púrpura	3	https://openload.co/embed/l5l6bdf8OxA/T03E010_x264.mp4		10	175	05/03/18	05/03/18
10660	Clasificación: Muerto	3	https://openload.co/embed/kx6p-_PmmTs/T03E011_x264.mp4		11	175	05/03/18	05/03/18
10661	El misterioso Dr. Ta	3	https://openload.co/embed/hEOGAzagHtQ/T03E012_x264.mp4		12	175	05/03/18	05/03/18
10662	El Rey vive	3	https://openload.co/embed/2KxhgMvkNz0/T03E013_x264.mp4		13	175	05/03/18	05/03/18
10663	El gran Gorro	3	https://openload.co/embed/f9Jw93uuhdQ/T03E014_x264.mp4		14	175	05/03/18	05/03/18
10664	La pequeña libreta negra parte1	3	https://openload.co/embed/Ey5Zgf44iKo/T03E015_x264.mp4		15	175	05/03/18	05/03/18
10665	La pequeña libreta negra parte2	3	https://openload.co/embed/985qq9x84ww/T03E016_x264.mp4		16	175	05/03/18	05/03/18
10666	No mires atrás	3	https://openload.co/embed/UqJsaR-1H-M/T03E017_x264.mp4		17	175	05/03/18	05/03/18
10667	99 deja Control	3	https://openload.co/embed/KadAY4R4v1s/T03E018_x264.mp4		18	175	05/03/18	05/03/18
10668	El parque de diversiones Espía	3	https://openload.co/embed/iLmJGsTvPyQ/T03E019_x264.mp4		19	175	05/03/18	05/03/18
10669	Operación Ridículo	3	https://openload.co/embed/VfVakmYNTB8/T03E020_x264.mp4		20	175	05/03/18	05/03/18
10670	Espía, espía, pajarillo	3	https://openload.co/embed/uFPG19W4k7M/T03E021_x264.mp4		21	175	05/03/18	05/03/18
10671	Corre, Robot, Corre	3	https://openload.co/embed/bWLvvrWCZoQ/T03E022_x264.mp4		22	175	05/03/18	05/03/18
10672	La línea ardiente	3	https://openload.co/embed/Pjj4_OCLNb0/T03E023_x264.mp4		23	175	05/03/18	05/03/18
10673	Muere, Espía	3	https://openload.co/embed/GwT1gmBhDF4/T03E024_x264.mp4		24	175	05/03/18	05/03/18
10674	La desganada pelirroja	3	https://openload.co/embed/u16tU8e7PJI/T03E025_x264.mp4		25	175	05/03/18	05/03/18
10675	La misión Imposible	3	https://openload.co/embed/3uYtBg8IIpE/T03E026_x264.mp4		26	175	05/03/18	05/03/18
10676	Snoopy Smart y el barón Rojo	4	https://openload.co/embed/Ifak2UJk2YQ/T04E01_x264.mp4		1	175	05/03/18	05/03/18
10677	Clausuren el baño del avión	4	https://openload.co/embed/y-0uqq9QPw8/T04E02_x264.mp4		2	175	05/03/18	05/03/18
10678	The secret of Sam Vittorio	4	https://openload.co/embed/8EHIq0ydFck/T04E03_x264.mp4		3	175	05/03/18	05/03/18
10679	Los diamantes son los mejores amigos d	4	https://openload.co/embed/sfZ0WmNQN6M/T04E04_x264.mp4		4	175	05/03/18	05/03/18
10680	El peor Padrino	4	https://openload.co/embed/tUD14ruF-ws/T04E05_x264.mp4		5	175	05/03/18	05/03/18
10681	Una historia de dos seguimientos	4	https://openload.co/embed/36ZrdcuIUOg/T04E06_x264.mp4		6	175	05/03/18	05/03/18
10682	El retorno del Anciano Marinero	4	https://openload.co/embed/V8kHJ7RzuQk/T04E07_x264.mp4		7	175	05/03/18	05/03/18
10683	Con amor y Contracciónes	4	https://openload.co/embed/jnVWS0a_i6Q/T04E08_x264.mp4		8	175	05/03/18	05/03/18
10684	El saco Laser	4	https://openload.co/embed/fx155TK4BBE/T04E09_x264.mp4		9	175	05/03/18	05/03/18
10685	El fracaso de los Farcas	4	https://openload.co/embed/DFjzD550qig/T04E010_x264.mp4		10	175	05/03/18	05/03/18
10686	Temporariamente fuera de Control	4	https://openload.co/embed/kpR6qHnuuFs/T04E011_x264.mp4		11	175	05/03/18	05/03/18
10687	La isla Schwartz	4	https://openload.co/embed/DosTB9zNl_8/T04E012_x264.mp4		12	175	05/03/18	05/03/18
10688	Una Nación Invisible	4	https://openload.co/embed/CQmlJ7Daeao/T04E013_x264.mp4		13	175	05/03/18	05/03/18
10689	Hurra por Hollywood	4	https://openload.co/embed/FrINmuyAFGw/T04E014_x264.mp4		14	175	05/03/18	05/03/18
10690	El centro de canje espía	4	https://openload.co/embed/9OWxoYz0Hdw/T04E015_x264.mp4		15	175	05/03/18	05/03/18
10691	El monolito del Tequila	4	https://openload.co/embed/kOiEU_lzGf0/T04E016_x264.mp4		16	175	05/03/18	05/03/18
10692	Hoy le pego al 86	4	https://openload.co/embed/UDv7LSKyTQY/T04E017_x264.mp4		17	175	05/03/18	05/03/18
10693	Absorber a el griego	4	https://openload.co/embed/YWLgh_0nzMI/T04E018_x264.mp4		18	175	05/03/18	05/03/18
10694	De Caronia con Amor parte1	4	https://openload.co/embed/dA4tokQaxtU/T04E019_x264.mp4		19	175	05/03/18	05/03/18
10695	De Caronia con Amor parte2	4	https://openload.co/embed/cDKplURrftg/T04E020_x264.mp4		20	175	05/03/18	05/03/18
10696	Sacúdelo por mí	4	https://openload.co/embed/vcxUbPY3v5M/T04E021_x264.mp4		21	175	05/03/18	05/03/18
10697	Leadside	4	https://openload.co/embed/--3QZB8O8x8/T04E022_x264.mp4		22	175	05/03/18	05/03/18
10698	La ventana del Sr. Greer	4	https://openload.co/embed/WbLBqpdE6Sg/T04E023_x264.mp4		23	175	05/03/18	05/03/18
10699	El No-Tan-Gran Escape parte1	4	https://openload.co/embed/uvpkGR6t0ko/T04E024_x264.mp4		24	175	05/03/18	05/03/18
10700	El No-Tan-Gran Escape parte2	4	https://openload.co/embed/eZ4zy_zKjEc/T04E025_x264.mp4		25	175	05/03/18	05/03/18
10701	Faisan al horno	4	https://openload.co/embed/0nk5AygOq6w/T04E026_x264.mp4		26	175	05/03/18	05/03/18
10702	El mano de Hierro	5	https://openload.co/embed/jW0HQ_4nZ54/T05E01_x264.mp4		1	175	05/03/18	05/03/18
10703	Valeria de las muñecas	5	https://openload.co/embed/Px_blAK2v6w/T05E02_x264.mp4		2	175	05/03/18	05/03/18
10704	Viuda Alegre	5	https://openload.co/embed/xYtVYKmQHNM/T05E03_x264.mp4		3	175	05/03/18	05/03/18
10705	El tesoro de C.Errol Madre	5	https://openload.co/embed/jXjqh6rcjTM/T05E04_x264.mp4		4	175	05/03/18	05/03/18
10706	Smart Cae en Alabama	5	https://openload.co/embed/0ULN39EU5dg/T05E05_x264.mp4		5	175	05/03/18	05/03/18
10707	Max viaja al sur para robar una libret	5	https://openload.co/embed/o7Urv32Ib1o/T05E06_x264.mp4		6	175	05/03/18	05/03/18
10708	And Baby makes four, Partes 1	5	https://openload.co/embed/ARclD9Q4t9I/T05E07_x264.mp4		7	175	05/03/18	05/03/18
10709	And Baby makes four, Partes 2	5	https://openload.co/embed/o0yZawUF7nA/T05E08_x264.mp4		8	175	05/03/18	05/03/18
10710	Medico de alma	5	https://openload.co/embed/a_cXeKM_mwI/T05E09_x264.mp4		9	175	05/03/18	05/03/18
10711	El crimen perfecto	5	https://openload.co/embed/eLRY4pPlVgU/T05E010_x264.mp4		10	175	05/03/18	05/03/18
10712	No tengo edad	5	https://openload.co/embed/ifVIzQvRbhI/T05E011_x264.mp4		11	175	05/03/18	05/03/18
10713	Las pastillas descontrolan a Control	5	https://openload.co/embed/lHBJpcHzAzM/T05E012_x264.mp4		12	175	05/03/18	05/03/18
10714	Nieve en el bigote	5	https://openload.co/embed/Z9fjqaQuqhI/T05E013_x264.mp4		13	175	05/03/18	05/03/18
10715	Un rayo de luna viene hacia mí	5	https://openload.co/embed/PMNc-pCz17I/T05E014_x264.mp4		14	175	05/03/18	05/03/18
10716	Museo de cera parte1	5	https://openload.co/embed/FU_gnmRmH2k/T05E015_x264.mp4		15	175	05/03/18	05/03/18
10717	Museo de cera parte2	5	https://openload.co/embed/1nK4IXXW3Ps/T05E016_x264.mp4		16	175	05/03/18	05/03/18
10718	Rebecca de los espirítus	5	https://openload.co/embed/yAIMXUtMjZc/T05E017_x264.mp4		17	175	05/03/18	05/03/18
10719	El misterio de Adrián Listenger	5	https://openload.co/embed/iNbF8xVnOEA/T05E018_x264.mp4.mp4		18	175	05/03/18	05/03/18
10720	Testigo de ejecución	5	https://openload.co/embed/3GobBXSUVaI/T05E019_x264.mp4		19	175	05/03/18	05/03/18
10721	Que verde es mi valet	5	https://openload.co/embed/M_6Pd2J94I4/T05E020_x264.mp4		20	175	05/03/18	05/03/18
10722	Esposa por partida doble	5	https://openload.co/embed/GTWgpXtXbyY/T05E021_x264.mp4		21	175	05/03/18	05/03/18
10723	Smartacus	5	https://openload.co/embed/fM8j0DWpcS0/T05E022_x264.mp4		22	175	05/03/18	05/03/18
10724	What´s it all about, Algie ?	5	https://openload.co/embed/QTHMX57Cmv0/T05E023_x264.mp4		23	175	05/03/18	05/03/18
10725	Hola Colón, Chau America	5	https://openload.co/embed/MwsZCIlHktU/T05E024_x264.mp4		24	175	05/03/18	05/03/18
10726	Do I hear a vaults	5	https://openload.co/embed/mpHIAPunEuk/T05E025_x264.mp4		25	175	05/03/18	05/03/18
10727	La voz del amo	5	https://openload.co/embed/NMLWMpdLh0A/T05E026_x264.mp4		26	175	05/03/18	05/03/18
10728	El misterio de los hombres lagarto	1	https://openload.co/embed/rqUbI4ganZU/Jonny_Quest_01_x264.mp4		1	176	05/03/18	05/03/18
10729	Aventura en el Ártico	1	https://openload.co/embed/fp8a47tyj90/Jonny_Quest_02_x264.mp4		2	176	05/03/18	05/03/18
10730	La Maldición de las Tumbas	1	https://openload.co/embed/02qYNCw7fXM/Jonny_Quest_03_x264.mp4		3	176	05/03/18	05/03/18
10731	Cautivos de los PO-HO	1	https://openload.co/embed/B20-J28lS4w/Jonny_Quest_04_x264.mp4		4	176	05/03/18	05/03/18
10732	El Enigma del oro	1	https://openload.co/embed/Taf6vI--9xc/Jonny_Quest_05_x264.mp4		5	176	05/03/18	05/03/18
10733	El Tesoro del templo	1	https://openload.co/embed/Ahp_wZ3J9rA/Jonny_Quest_06_x264.mp4		6	176	05/03/18	05/03/18
10734	Aventura en Calcuta	1	https://openload.co/embed/jHqvwhC_0Kw/Jonny_Quest_07_x264.mp4		7	176	05/03/18	05/03/18
10735	El Robot Espía	1	https://openload.co/embed/xaCb01tXgZA/Jonny_Quest_08_x264.mp4		8	176	05/03/18	05/03/18
10736	Doble Peligro	1	https://openload.co/embed/prpyF1ehwh4/Jonny_Quest_09_x264.mp4		9	176	05/03/18	05/03/18
10737	La Sombra del Condor	1	https://openload.co/embed/TVrLHl19Hv4/Jonny_Quest_10_x264.mp4		10	176	05/03/18	05/03/18
10738	El emblema de los piratas	1	https://openload.co/embed/nh5rGJTew6w/Jonny_Quest_11_x264.mp4		11	176	05/03/18	05/03/18
10739	El Muñeco Diabolico	1	https://openload.co/embed/buYUkRIKyJo/Jonny_Quest_12_x264.mp4		12	176	05/03/18	05/03/18
10740	Pygmies	1	https://openload.co/embed/iwPJ6rdOyMU/Jonny_Quest_13_x264.mp4		13	176	05/03/18	05/03/18
10741	Los Dragones de Ashida	1	https://openload.co/embed/5VVi9OFCuaA/Jonny_Quest_14_x264.mp4		14	176	05/03/18	05/03/18
10742	Turu el Terrible	1	https://openload.co/embed/8-H9kb4xtNs/Jonny_Quest_15_x264.mp4		15	176	05/03/18	05/03/18
10743	El Falso Volcan	1	https://openload.co/embed/GAasf5PCBzU/Jonny_Quest_16_x264.mp4		16	176	05/03/18	05/03/18
10744	El hombre-lobo de Timberland	1	https://openload.co/embed/uZKyqGLv5G0/Jonny_Quest_17_x264.mp4		17	176	05/03/18	05/03/18
10745	Piratas Submarinos	1	https://openload.co/embed/AX32gImruXI/Jonny_Quest_18_x264.mp4		18	176	05/03/18	05/03/18
10746	La isla de los gorilas	1	https://openload.co/embed/62YJSspAA5g/Jonny_Quest_19_x264.mp4		19	176	05/03/18	05/03/18
10747	El monstruo Invisible	1	https://openload.co/embed/qv0yirXK9vA/Jonny_Quest_20_x264.mp4		20	176	05/03/18	05/03/18
10748	La Torre del diablo	1	https://openload.co/embed/8aO33iqdCXg/Jonny_Quest_21_x264.mp4		21	176	05/03/18	05/03/18
10749	El misil Misterioso	1	https://openload.co/embed/eIBDLaupFSk/Jonny_Quest_22_x264.mp4		22	176	05/03/18	05/03/18
10750	La casa de las 7 gargolas	1	https://openload.co/embed/0zkpbe0X2u8/Jonny_Quest_23_x264.mp4		23	176	05/03/18	05/03/18
10751	La isla del terror	1	https://openload.co/embed/ojzQsel8Tqk/Jonny_Quest_24_x264.mp4		24	176	05/03/18	05/03/18
10752	Los monstruos del monasterio	1	https://openload.co/embed/k37uXBc5MsM/Jonny_Quest_25_x264.mp4		25	176	05/03/18	05/03/18
10753	El monstruo del mar	1	https://openload.co/embed/4B4fglxskUA/Jonny_Quest_26_x264.mp4		26	176	05/03/18	05/03/18
